rank,uri,artist_names,track_name,source,peak_rank,previous_rank,days_on_chart,streams
1,"spotify:track:3qhlB30KknSejmIvZZLjOD","Djo","End of Beginning","Djo",1,2,594,"1054516"
2,"spotify:track:45Z3m6yazmAi4jZuW0tzW0","Harry Styles","Aperture","Columbia",1,1,3,"939801"
3,"spotify:track:12bYYQaLqHliSXvRIYlq8G","Bruno Mars","I Just Might","Atlantic Records",1,3,17,"905995"
4,"spotify:track:65DbTqJKhbwqYbZ1Okr0rc","Ella Langley","Choosin' Texas","SAWGOD/Columbia",3,4,101,"861939"
5,"spotify:track:1qbmS6ep2hbBRaEZFpn7BX","Olivia Dean","Man I Need","PLG - Capitol",1,5,159,"757853"
6,"spotify:track:7cjoZVmWe2xsGR4wcXiV2v","Lil Uzi Vert","What You Saying","Roc Nation Distribution",5,7,31,"707619"
7,"spotify:track:0myRViRgmQ3J8izICXEAVO","She & Him","I Thought I Saw Your Face Today","Merge Records",7,13,58,"683699"
8,"spotify:track:1CPZ5BxNNd0n0nF4Orb9JS","HUNTR/X, EJAE, AUDREY NUNA, REI AMI, KPop Demon Hunters Cast","Golden","K-Pop Demon Hunters",1,6,218,"681007"
9,"spotify:track:7qjZnBKE73H4Oxkopwulqe","sombr","back to friends","Warner Records",1,9,313,"655539"
10,"spotify:track:53iuhJlwXhSER5J2IYYv1W","Taylor Swift","The Fate of Ophelia","Taylor Swift",1,8,115,"654652"
11,"spotify:track:6sGIMrtIzQjdzNndVxe397","Olivia Dean","So Easy (To Fall In Love)","PLG - Capitol",4,10,121,"616420"
12,"spotify:track:554qQSs9lpRVq6TlaaiIKT","EsDeeKid","4 Raws","Lizzy Records",7,11,68,"608820"
13,"spotify:track:2d8JP84HNLKhmd6IYOoupQ","Fetty Wap","Trap Queen","300 Entertainment/RGF Productions",12,12,108,"578063"
14,"spotify:track:1rIKgCH4H52lrvDcz50hS8","Zara Larsson","Lush Life","Epic/Record Company TEN",14,16,36,"553622"
15,"spotify:track:55lijDD6OAjLFFUHU9tcDm","RAYE","WHERE IS MY HUSBAND!","Human Re Sources",8,14,126,"547120"
16,"spotify:track:1DwscornXpj8fmOmYVlqZt","PinkPantheress, Zara Larsson","Stateside + Zara Larsson","Warner Records",16,17,23,"540137"
17,"spotify:track:2RkZ5LkEzeHGRsmDqKwmaJ","Alex Warren","Ordinary","Atlantic Records",1,15,353,"524529"
18,"spotify:track:003vvx7Niy0yvhvHt4a68B","The Killers","Mr. Brightside","Island Records",11,18,1959,"514619"
19,"spotify:track:0cQVqPuHQP4KEwc7ZUQmj6","The Neighbourhood","Sweater Weather","Columbia",7,23,1981,"513618"
20,"spotify:track:58ge6dfP91o9oXMzq3XkIS","Arctic Monkeys","505","Domino Recording Co",13,29,1776,"509069"
21,"spotify:track:2gYTC8DsplN3RNdpdBcCOQ","SIENNA SPIRO","Die On This Hill","Capitol Records",12,19,32,"506434"
22,"spotify:track:70LcF31zb1H0PyJoS1Sx1r","Radiohead","Creep","XL Recordings",9,24,605,"504053"
23,"spotify:track:0ofHAoxe9vBkTCp2UQIavz","Fleetwood Mac","Dreams - 2004 Remaster","Rhino/Warner Records",6,20,1844,"494153"
24,"spotify:track:0eaVIYo2zeOaGJeqZ5TwYz","Don Toliver","No Pole","Cactus Jack / Atlantic",18,26,465,"467299"
25,"spotify:track:0KKkJNfGyhkQ5aFogxQAPU","Bruno Mars","That's What I Like","Atlantic Records",3,33,714,"466136"
26,"spotify:track:6Qyc6fS4DsZjB2mRW9DsQs","The Goo Goo Dolls","Iris","Warner Records",9,25,689,"458855"
27,"spotify:track:03tqyYWC9Um2ZqU0ZN849H","Waka Flocka Flame, Roscoe Dash, Wale","No Hands (feat. Roscoe Dash & Wale)","Asylum/Warner Records",27,28,311,"451984"
28,"spotify:track:4gfrYDtaRmp6HPvN80V2ob","Morgan Wallen","I Got Better","Big Loud Records / Mercury Records / Republic Records",4,21,255,"450241"
29,"spotify:track:3siwsiaEoU4Kuuc9WKMUy5","The Marías","No One Noticed","Nice Life/Atlantic",4,41,527,"439420"
30,"spotify:track:7D0RhFcb3CrfPuTJ0obrod","Coldplay","Sparks","Parlophone UK",20,47,568,"433500"
31,"spotify:track:21IYMdzTrzSe191Cy5eMap","Gigi Perez","Sailor Song","Outtahere, LLC / Island Records",3,34,544,"430556"
32,"spotify:track:2xsTsnA5QOFCnFXdEHGkli","A$AP Rocky, Brent Faiyaz","STAY HERE 4 LIFE (feat. Brent Faiyaz)","A$AP Worldwide/RCA Records",6,22,10,"428302"
33,"spotify:track:4RvWPyQ5RL0ao9LPZeSouE","Tears For Fears","Everybody Wants To Rule The World","UMC (Universal Music Catalogue)",25,63,942,"426463"
34,"spotify:track:6DH13QYXK7lKkYHSU88N48","Daniel Caesar","Who Knows","Republic Records",34,52,84,"422733"
35,"spotify:track:5g7sDjBhZ4I3gcFIpkrLuI","Bruno Mars","Locked out of Heaven","Atlantic Records",14,32,362,"419276"
36,"spotify:track:6LxSe8YmdPxy095Ux6znaQ","Drake","Headlines","Cash Money Records/Young Money Ent./Universal Rec.",22,37,316,"415898"
37,"spotify:track:2lTm559tuIvatlT1u0JYG2","Bad Bunny","BAILE INoLVIDABLE","Rimas Entertainment LLC.",2,30,376,"415632"
38,"spotify:track:4WFgvKVfEhb3IUAFGrutTR","Ravyn Lenae","Love Me Not","Atlantic Records",5,43,322,"412768"
39,"spotify:track:6dOtVTDdiauQNBQEDOtlAB","Billie Eilish","BIRDS OF A FEATHER","Darkroom/Interscope Records",2,38,618,"410820"
40,"spotify:track:0InIeZW4P6VO7dUGRM4AKH","The Marías","Sienna","Nice Life/Atlantic",12,65,212,"406828"
41,"spotify:track:1zi7xx7UVEFkmKfv06H8x0","Drake, Wizkid, Kyla","One Dance","Cash Money Records/Young Money Ent./Universal Rec.",7,40,837,"401282"
42,"spotify:track:2A22iI0x4EYAVXNpKPhNEM","Ella Langley","weren't for the wind","SAWGOD/Columbia",10,31,285,"396583"
43,"spotify:track:0FIDCNYYjNvPVimz5icugS","The Weeknd, Playboi Carti","Timeless (feat Playboi Carti)","XO / Republic Records",1,46,485,"396433"
44,"spotify:track:7so0lgd0zP2Sbgs2d7a1SZ","Lady Gaga, Bruno Mars","Die With A Smile","Interscope Records",1,39,527,"396236"
45,"spotify:track:3yWuTOYDztXjZxdE2cIRUa","Taylor Swift","Opalite","Taylor Swift",2,27,114,"395235"
46,"spotify:track:3sK8wGT43QFpWrvNQsrQya","Bad Bunny","DtMF","Rimas Entertainment LLC.",1,36,385,"384344"
47,"spotify:track:1uvyZBs4IZYRebHIB1747m","Prince","Purple Rain","Warner Records",13,48,28,"382297"
48,"spotify:track:57Z6TJCTMACXxdrcwZ3Zvf","EsDeeKid, Rico Ace","Phantom","Lizzy Records",20,50,69,"381322"
49,"spotify:track:312z6PZ8wwREck8613PkJk","Olivia Dean","A Couple Minutes","PLG - Capitol",20,49,85,"378584"
50,"spotify:track:4Dvkj6JhhA12EX05fT7y2e","Harry Styles","As It Was","Columbia",1,44,797,"377888"
51,"spotify:track:3cZajhyr8LmtPfHZ9296tj","Disco Lines, Tinashe","No Broke Boys","Nice Life/Atlantic",7,35,223,"373015"
52,"spotify:track:0uxSUdBrJy9Un0EYoBowng","Lil Uzi Vert","20 Min","Generation Now/Atlantic",45,67,1288,"369505"
53,"spotify:track:05od2qm2MTSKCHxy1GBp5W","sombr","12 to 12","Warner Records",11,42,180,"368309"
54,"spotify:track:1JSTJqkT5qHq8MDJnJbRE1","The Police","Every Breath You Take","Polydor Records",19,64,152,"367393"
55,"spotify:track:6K4t31amVTZDgR3sKmwUJJ","Tame Impala","The Less I Know The Better","Universal Music Australia Pty. Ltd.",55,74,1167,"364664"
56,"spotify:track:1xOqGUkyxGQRdCvGpvWKmL","KATSEYE","Gabriela","HYBE/Geffen",26,53,218,"364404"
57,"spotify:track:7B3BwNecBhKvNwSMOOl7Gk","Addison Rae","Fame is a Gun","Columbia",20,70,79,"361436"
58,"spotify:track:7tI8dRuH2Yc6RuoTjxo4dU","Jimin","Who","BIGHIT MUSIC",1,78,528,"361288"
59,"spotify:track:2za9t2qpWyUpIhnJcwopPt","Luke Combs","Sleepless in a Hotel Room","Columbia Nashville",11,45,19,"360170"
60,"spotify:track:6Jv7kjGkhY2fT4yuBF3aTz","Jeff Buckley","Lover, You Should've Come Over","Columbia/Legacy",49,96,157,"353771"
61,"spotify:track:2CGNAOSuO1MEFCbBRgUzjd","Kendrick Lamar, SZA","luther (with sza)","pgLang, under exclusive license to Interscope Records",1,57,429,"353077"
62,"spotify:track:5ihS6UUlyQAfmp48eSkxuQ","Fleetwood Mac","Landslide","Warner Records",17,77,184,"346914"
63,"spotify:track:3GCdLUSnKSMJhs4Tj6CV3s","Kendrick Lamar, SZA","All The Stars (with SZA) - From ""Black Panther: The Album""","Black Panther (TDE/DMG) PS",2,69,1231,"346091"
64,"spotify:track:1VOSSXuWRcBj2rpfxNdX9v","Whiskey Myers","Broken Window Serenade","Whiskey Myers",51,51,179,"345106"
65,"spotify:track:7yNf9YjeO5JXUE3JEBgnYc","Dominic Fike","Babydoll","Columbia",58,110,207,"344003"
66,"spotify:track:4KULAymBBJcPRpk1yO4dOG","Zach Bryan, Kacey Musgraves","I Remember Everything (feat. Kacey Musgraves)","Warner Records",1,68,883,"343770"
67,"spotify:track:2QGVKiAGTa1YcDqPMhAzF7","Mac Miller, Empire Of The Sun","The Spins","Rostrum Records",53,84,1367,"342629"
68,"spotify:track:5UJbgR4XF4y1DvbkxEqe8S","Tate McRae","Sports car","RCA Records Label",5,55,365,"341210"
69,"spotify:track:0bxPRWprUVpQK0UFcddkrA","Kehlani","Folded","TSNMI / Atlantic",34,56,178,"341156"
70,"spotify:track:2jCJjRc9mz6VYBMhLy3H9i","Zach Bryan","Plastic Cigarette","Warner Records",6,59,17,"340985"
71,"spotify:track:6dBUzqjtbnIa1TwYbyw5CM","TV Girl","Lovers Rock","TV Girl",35,126,1148,"338384"
72,"spotify:track:43iIQbw5hx986dUEZbr3eN","Laufey","From The Start","Laufey",30,99,661,"337037"
73,"spotify:track:3WMj8moIAXJhHsyLaqIIHI","Zach Bryan","Something in the Orange","Warner Records",4,82,1373,"336695"
74,"spotify:track:5mCPDVBb16L4XQwDdbRUpz","Drake","Passionfruit","Cash Money Records/Young Money Ent./Universal Rec.",1,86,1134,"335922"
75,"spotify:track:0d28khcov6AiegSCpG5TuT","Gorillaz, De La Soul","Feel Good Inc.","Parlophone UK",38,88,396,"335698"
76,"spotify:track:6393yGahSJ9slVdOwSxOVR","Chappell Roan","Pink Pony Club","Chappell Roan PS/ Island",4,54,599,"332748"
77,"spotify:track:2cEnKRR4dYBB2VA1mjlb1z","YoungBoy Never Broke Again","Nevada","Never Broke Again, LLC",38,79,144,"328990"
78,"spotify:track:3xkHsmpQCBMytMJNiDf3Ii","Benson Boone","Beautiful Things","Night Street Records, Inc./Warner Records Inc.",1,66,737,"323143"
79,"spotify:track:7fEoXCZTZFosUFvFQg1BmW","King Von","Took Her To The O","Forever and a Day, LLC / EMPIRE",25,81,236,"321863"
80,"spotify:track:2uXlHCUbq9OMUwx3hrk06o","Vance Joy","Riptide","Atlantic Records",52,101,760,"321711"
81,"spotify:track:1QFh8OH1e78dGd3VyJZCAC","The Cure","Boys Don't Cry","UMC (Universal Music Catalogue)",81,133,11,"320670"
82,"spotify:track:5TRPicyLGbAF2LGBFbHGvO","Kanye West, Dwele","Flashing Lights","Roc-A-Fella",48,92,987,"320494"
83,"spotify:track:7AeM1BGYM7emrqmQn1PuWv","Morgan Wallen","I'm The Problem","Big Loud Records / Mercury Records / Republic Records",1,60,359,"319898"
84,"spotify:track:7ghKr0pCYyPPyp7t1FH8k4","Childish Gambino","Les","Glassnote - VMG",58,119,282,"319845"
85,"spotify:track:68Dni7IE4VyPkTOH9mRWHr","J. Cole","No Role Modelz","Roc Nation Records LLC",7,80,2886,"319358"
86,"spotify:track:17phhZDn6oGtzMe56NuWvj","Teddy Swims","Lose Control","Warner Records",5,61,809,"317839"
87,"spotify:track:0FrESd7LNffZyGZ37VuSmH","Don Toliver","ATM","CactusJack/Donnway/ATL",75,75,2,"310068"
88,"spotify:track:2fuYa3Lx06QQJAm0MjztKr","Radiohead","Let Down","XL Recordings",42,135,250,"309379"
89,"spotify:track:1G391cbiT3v3Cywg8T7DM1","Red Hot Chili Peppers","Scar Tissue","Warner Records",89,121,285,"308365"
90,"spotify:track:2UikqkwBv7aIvlixeVXHWt","Chris Stapleton","You Should Probably Leave","Mercury Nashville",46,90,908,"306860"
91,"spotify:track:7KA4W4McWYRpgf0fWsJZWB","Tyler, The Creator, Kali Uchis","See You Again (feat. Kali Uchis)","Columbia",3,137,1688,"306811"
92,"spotify:track:5IZXB5IKAD2qlvTPJYDCFB","Post Malone, Morgan Wallen","I Had Some Help (Feat. Morgan Wallen)","Mercury Records / Republic Records",1,76,624,"306526"
93,"spotify:track:736PP5LTtREkDgktNmX3Gu","Daniel Caesar","Superpowers","Republic Records",73,138,147,"305145"
94,"spotify:track:2BwO5K8Q7EPAJSGze3AAh9","Sabrina Carpenter","Manchild","Island Records",1,71,233,"304339"
95,"spotify:track:2gam98EZKrF9XuOkU13ApN","Nelly Furtado, Timbaland","Promiscuous","Mosley / Geffen",28,91,319,"303494"
96,"spotify:track:5NQbUaeTEOGdD6hHcre0dZ","Fetty Wap, Remy Boyz","679 (feat. Remy Boyz)","300 Entertainment/RGF Productions",56,58,16,"302281"
97,"spotify:track:3fqwjXwUGN6vbzIwvyFMhx","Chris Stapleton","Tennessee Whiskey","Mercury Nashville",55,102,1598,"300212"
98,"spotify:track:4VxTzYm00mg82MuoT35Ja7","Tyla","CHANEL","Epic",23,100,47,"300084"
99,"spotify:track:6zJ68ym0Buv2TpuUu8tw9A","A$AP Rocky","HELICOPTER","A$AP Worldwide/RCA Records",3,62,13,"299916"
100,"spotify:track:0eAuGrXyGFYwur9ARUe7LJ","Malcolm Todd","Earrings","Columbia",100,161,22,"299189"
101,"spotify:track:3jjujdWJ72nww5eGnfs2E7","Harry Styles","Adore You","Columbia",1,158,636,"298035"
102,"spotify:track:5TFD2bmFKGhoCRbX61nXY5","Bad Bunny","NUEVAYoL","Rimas Entertainment LLC.",3,85,362,"297993"
103,"spotify:track:0WbMK4wrZ1wFSty9F7FCgu","Chappell Roan","Good Luck, Babe!","Chappell Roan PS/ Island",1,87,659,"297527"
104,"spotify:track:3hxIUxnT27p5WcmjGUXNwx","Hotel Ugly","Shut up My Moms Calling","Hotel Ugly, under exclusive license to Amuseio AB",22,168,966,"296986"
105,"spotify:track:5e9TFTbltYBg2xThimr0rU","Fleetwood Mac","The Chain - 2004 Remaster","Rhino/Warner Records",55,93,225,"296535"
106,"spotify:track:3AJwUDP919kvQ9QcozQPxg","Coldplay","Yellow","Parlophone UK",50,116,512,"296527"
107,"spotify:track:1osfLqL6L2iQsirRf83ded","Riley Green","Worst Way","Nashville Harbor",34,94,381,"296407"
108,"spotify:track:59dLtGBS26x7kc0rHbaPrq","B.o.B, Bruno Mars","Nothin' on You (feat. Bruno Mars)","Rebel Rock/Grand Hustle/Atlantic",43,111,17,"295662"
109,"spotify:track:7gKxCvTDWwV9wBhdeBbr3l","Olivia Dean","Nice To Each Other","PLG - Capitol",24,97,147,"295505"
110,"spotify:track:3QaPy1KgI7nu9FJEQUgn6h","Billie Eilish","WILDFLOWER","Darkroom/Interscope Records",10,136,617,"293973"
111,"spotify:track:0y60itmpH0aPKsFiGxmtnh","WILLOW","Wait a Minute!","Roc Nation W Smith P&D",12,150,396,"293751"
112,"spotify:track:6r1lboTadi5swMquaAWDzh","BigXthaPlug, Ella Langley","Hell At Night (feat. Ella Langley)","BigXthaPlug under exclusive license to UnitedMasters LLC",19,73,161,"293391"
113,"spotify:track:2M38X60UJnupGPbFTkVPNQ","Brooks & Dunn","Neon Moon","Arista Nashville",69,103,137,"292948"
114,"spotify:track:02sy7FAs8dkDNYsHp4Ul3f","Saja Boys, Andrew Choi, Neckwav, Danny Chung, KEVIN WOO, samUIL Lee, KPop Demon Hunters Cast","Soda Pop","K-Pop Demon Hunters",3,83,216,"291860"
115,"spotify:track:5UWwZ5lm5PKu6eKsHAGxOk","Foo Fighters","Everlong","RCA Records Label",36,123,921,"289990"
116,"spotify:track:0TFTAtCYhp2tQ9KcJIZb55","sombr","undressed","Warner Records",2,108,304,"288886"
117,"spotify:track:1Jo0Zg7XlrA6z0mFTZVdkn","Rihanna","Don't Stop The Music","Def Jam Recordings",26,98,99,"288870"
118,"spotify:track:3THVfoVD5kdCxPviVaCPi7","KATSEYE","Internet Girl","Hybe/Geffen",6,139,22,"287407"
119,"spotify:track:1oAwsWBovWRIp7qLMGPIet","Cigarettes After Sex","Apocalypse","Partisan Records",42,177,992,"286817"
120,"spotify:track:0hta2Lb2zKJ7kEnAEZEE3G","wifiskeleton, i wanna be a jack-o-lantern","Nope your too late i already died","9th St. / Hallwood",24,166,225,"286708"
121,"spotify:track:3xKsf9qdS1CyvXSMEid6g8","Frank Ocean","Pink + White","Boys Don't Cry",23,148,1214,"284669"
122,"spotify:track:59c2xv2kMzYM6HR9oY6BIa","Malcolm Todd","Sweet Boy","Columbia",122,180,29,"284434"
123,"spotify:track:1LzNfuep1bnAUR9skqdHCK","Mazzy Star","Fade Into You","Capitol Records",74,141,198,"283523"
124,"spotify:track:2XHzzp1j4IfTNp1FTn7YFg","Lil Wayne, Drake, Future","Love Me","CM/Republic",68,129,631,"283451"
125,"spotify:track:0JXXNGljqupsJaZsgSbMZV","Miguel","Sure Thing","Jive",8,127,929,"283234"
126,"spotify:track:2HRqTpkrJO5ggZyyK6NPWz","Sabrina Carpenter","Espresso","Island Records",1,118,634,"283074"
127,"spotify:track:6QeYSvYqYUsfBzsApbjDHO","TV Girl","Cigarettes out the Window","TV Girl",77,-1,466,"281987"
128,"spotify:track:3jnYCrF7UpSYAwwy1URW8d","A$AP Rocky, Imogen Heap, Clams Casino","I Smoked Away My Brain (I'm God x Demons Mashup) (feat. Imogen Heap & Clams Casino)","A$AP Worldwide/RCA Records",66,125,335,"281919"
129,"spotify:track:6AI3ezQ4o3HUoP6Dhudph3","Kendrick Lamar","Not Like Us","Kendrick Lamar, under exclusive license to Interscope Records",1,112,627,"281485"
130,"spotify:track:3azJifCSqg9fRij2yKIbWz","Tory Lanez","The Color Violet","One Umbrella Records",23,171,1054,"281134"
131,"spotify:track:23ZdNaFSfH7VdSVU4U0Agb","SIENNA SPIRO","You Stole The Show","Capitol Records",75,147,22,"279909"
132,"spotify:track:7DfFc7a6Rwfi3YQMRbDMau","Frank Ocean","Thinkin Bout You","Red Zone Entertainment / IDJ",36,176,552,"279631"
133,"spotify:track:7BqBn9nzAq8spo5e7cZ0dJ","Bruno Mars","Just the Way You Are","Elektra (NEK)",46,142,174,"279317"
134,"spotify:track:6eT7xZZlB2mwyzJ2sUKG6w","Post Malone","White Iverson","Mercury Records/Republic Owned",56,130,591,"278555"
135,"spotify:track:6ybZUqlfk938oS6WeBmDab","Treaty Oak Revival","Missed Call","TOR Records",49,132,271,"277398"
136,"spotify:track:6J5kc12BW5HuP3d7C3vvx8","Bad Bunny","EoO","Rimas Entertainment LLC.",10,105,323,"277321"
137,"spotify:track:5XeFesFbtLpXzIVDNQP22n","Arctic Monkeys","I Wanna Be Yours","Domino Recording Co",53,-1,957,"276603"
138,"spotify:track:6OFCzD4d8kjBOJHxz41gqA","Dream Supplier","Clean Baby Sleep White Noise (Loopable)","Dream Supplier",92,-1,17,"275624"
139,"spotify:track:1I37Zz2g3hk9eWxaNkj031","Saja Boys, Andrew Choi, Neckwav, Danny Chung, KEVIN WOO, samUIL Lee, KPop Demon Hunters Cast","Your Idol","K-Pop Demon Hunters",1,104,217,"275563"
140,"spotify:track:04emojnbYkrRmv5qtJcgVP","Morgan Wallen, Tate McRae","What I Want (feat. Tate McRae)","Big Loud Records / Mercury Records / Republic Records",1,95,253,"275224"
141,"spotify:track:6uvh0In7u1Xn4HgxOfAn8O","Harry Styles","Matilda","Columbia",3,-1,144,"274206"
142,"spotify:track:33iv3wnGMrrDugd7GBso1z","Lit","My Own Worst Enemy","RCA Records Label",104,131,19,"273411"
143,"spotify:track:7ne4VBA60CxGM75vw0EYad","Gracie Abrams","That’s So True","Gracie Abrams, under exclusive license to Interscope Records",1,117,458,"273351"
144,"spotify:track:3HiCAjMaPfM4vnbhLhADBp","Ice Spice","Big Guy - from ""The SpongeBob Movie: Search for SquarePants”","10K Projects/Capitol Records",144,172,2,"272648"
145,"spotify:track:0COqiPhxzoWICwFCS4eZcp","Evanescence","Bring Me To Life","The Bicycle Music Company",72,122,129,"271623"
146,"spotify:track:0gucTLf7trAf37Ua1uAyAu","Nirvana","Smells Like Teen Spirit","Geffen",86,143,628,"271595"
147,"spotify:track:0B7wvvmu9EISAwZnOpjhNI","Bruno Mars","When I Was Your Man","Atlantic Records",50,157,212,"271193"
148,"spotify:track:2ipIPsgrgd0j2beDf4Ki70","Benson Boone","Mystical Magical","Night Street Records, Inc./Warner Records Inc.",5,113,264,"271187"
149,"spotify:track:3pXF1nA74528Edde4of9CC","Bryson Tiller","Don't","TrapSoul/RCA Records",55,192,1446,"271034"
150,"spotify:track:4k6Uh1HXdhtusDW5y8Gbvy","Steve Lacy","Bad Habit","L-M Records/RCA Records",1,185,969,"270063"
151,"spotify:track:5fZJQrFKWQLb7FpJXZ1g7K","Shaboozey","A Bar Song (Tipsy)","American Dogwood / EMPIRE",1,115,648,"270038"
152,"spotify:track:4EWCNWgDS8707fNSZ1oaA5","Kanye West","Heartless","Roc-A-Fella",34,128,1245,"269444"
153,"spotify:track:2LMkwUfqC6S6s6qDVlEuzV","Frank Ocean","White Ferrari","Boys Don't Cry",51,193,335,"269310"
154,"spotify:track:1dByUyyoRKL99fJJ6VCQzb","Tate McRae","TIT FOR TAT","RCA Records Label",1,114,121,"269285"
155,"spotify:track:3Q4gttWQ6hxqWOa3tHoTNi","Drake, Chris Brown","Not You Too (feat. Chris Brown)","OVO",8,189,69,"268834"
156,"spotify:track:5EcG8eMMlwkHRVa4aTR1qd","Rihanna","Breakin' Dishes","Def Jam Recordings",41,144,234,"268760"
157,"spotify:track:4osgfFTICMkcGbbigdsa53","Frank Ocean","Novacane","Red Zone Entertainment / IDJ",82,-1,351,"268642"
158,"spotify:track:4iZ4pt7kvcaH6Yo8UoZ4s2","SZA","Snooze","Top Dawg Entertainment/RCA Records",9,164,1056,"267906"
159,"spotify:track:3oTuTpF1F3A7rEC6RKsMRz","Dave, Tems","Raindance (feat. Tems)","Neighbourhood",159,175,2,"267276"
160,"spotify:track:4rMNgxEwGWoPHIUcvB5BrB","Bruno Mars","It Will Rain","Elektra (NEK)",50,134,21,"265412"
161,"spotify:track:1lJOLxDS8kS2rihrqezMcv","EsDeeKid","Century","Lizzy Records",120,155,33,"265281"
162,"spotify:track:2FycFFuNMVVYIiIqeldXF5","A$AP Rocky","STOLE YA FLOW","A$AP Worldwide/RCA Records",8,89,10,"263922"
163,"spotify:track:5oO3drDxtziYU2H1X23ZIp","Rihanna","Love On The Brain","Roc Nation / Rihanna",11,149,294,"262356"
164,"spotify:track:1WoOzgvz6CgH4pX6a1RKGp","Fetty Wap, Monty","My Way (feat. Monty)","300 Entertainment/RGF Productions",86,107,10,"262131"
165,"spotify:track:5sBDrrtLGbV64QJnEqfjer","HUNTR/X, EJAE, AUDREY NUNA, REI AMI, KPop Demon Hunters Cast","What It Sounds Like","K-Pop Demon Hunters",5,106,215,"262059"
166,"spotify:track:3Vd4fHzwS6pBS3muymjiDi","Olivia Dean","Let Alone The One You Love","PLG - Capitol",52,178,98,"261257"
167,"spotify:track:0mflMxspEfB0VbI1kyLiAv","Noah Kahan","Stick Season","Mercury Records/Republic Records",1,152,1163,"261082"
168,"spotify:track:5AEOqLsRJFAoSS4ay4Jzao","Nirvana","Come As You Are","Geffen",119,174,226,"260879"
169,"spotify:track:5BZsQlgw21vDOAjoqkNgKb","Justin Bieber","DAISIES","JRC Entertainment, LLC / ILH Production Co. LLC / Def Jam Recordings",1,109,195,"260166"
170,"spotify:track:3e32UUqXzrI4g2y5kNZrwC","Peso Pluma, Tito Double P","dopamina","Double P Records",32,145,28,"259362"
171,"spotify:track:1zM8S2pnIclcdTmrfFnWtX","Hudson Westbrook","House Again","River House Artists/Warner Records Nashville",53,165,287,"259324"
172,"spotify:track:1NXbNEAcPvY5G1xvfN57aA","Tame Impala","Dracula","Columbia",9,160,120,"258862"
173,"spotify:track:60a0Rd6pjrkxjPbaKzXjfq","Linkin Park","In the End","Warner Records",8,162,300,"257642"
174,"spotify:track:7MXVkk9YMctZqd1Srtv4MB","The Weeknd, Daft Punk","Starboy","The Weeknd/Lyric",3,151,1072,"257288"
175,"spotify:track:7CyPwkp0oE8Ro9Dd5CUDjW","The Weeknd, JENNIE, Lily-Rose Depp","One Of The Girls (with JENNIE, Lily Rose Depp)","XO / Republic Records",15,-1,693,"257179"
176,"spotify:track:7fBv7CLKzipRk6EC6TWHOB","The Weeknd","The Hills","The Weeknd/Lyric",7,186,952,"255405"
177,"spotify:track:3ZOEytgrvLwQaqXreDs2Jx","Red Hot Chili Peppers","Can't Stop","Warner Records",144,188,68,"255381"
178,"spotify:track:4ZJ4vzLQekI0WntDbanNC7","Zach Bryan","Pink Skies","Warner Records",7,154,576,"255236"
179,"spotify:track:3RXUgPNIbUgFxsDWuBQEt6","HUNTR/X, EJAE, AUDREY NUNA, REI AMI, KPop Demon Hunters Cast","How It’s Done","K-Pop Demon Hunters",4,124,215,"255127"
180,"spotify:track:1HbzxLqpNVPdiBXvpC7Ovb","The Red Clay Strays","Wondering Why","Red Clay Strays",70,163,670,"254131"
181,"spotify:track:583dMdiUquLMenarTp7PQm","Morgan Wallen","Last Night","Morgan Wallen",1,153,1054,"253725"
182,"spotify:track:0092fZcbCidhWrmBQX4guf","H3adband","BOO","Hitmaker Music Group",182,184,2,"253600"
183,"spotify:track:3fjmSxt0PskST13CSdBUFx","Linkin Park","Somewhere I Belong","Warner Records",67,167,46,"253014"
184,"spotify:track:2HbKqm4o0w5wEeEFXm2sD4","Kendrick Lamar, Jay Rock","Money Trees","Aftermath",17,179,1615,"252675"
185,"spotify:track:0BUvxX1tTOSJcsn6Y24Bsp","Zach Bryan","Say Why","Warner Records",19,140,17,"252549"
186,"spotify:track:2hnMS47jN0etwvFPzYk11f","Sublime","Santeria","Gasoline Alley",63,190,258,"251091"
187,"spotify:track:0aB0v4027ukVziUGwVGYpG","Kendrick Lamar, Lefty Gunplay","tv off (feat. lefty gunplay)","pgLang, under exclusive license to Interscope Records",1,156,422,"250488"
188,"spotify:track:5vPUv0xziXbV4lnWeVNXNq","Malcolm Todd","Roommates","Columbia",174,-1,8,"250471"
189,"spotify:track:5rb9QrpfcKFHM1EUbSIurX","USHER, Lil Jon, Ludacris","Yeah! (feat. Lil Jon & Ludacris)","LaFace Records",8,182,212,"249308"
190,"spotify:track:4iVj0UxqLlgrFWNdOnCwFS","Strawberry Guy","Mrs Magic (Strings Version)","Melodic",190,-1,1,"249159"
191,"spotify:track:7eqoqGkKwgOaWNNHx90uEZ","Frank Ocean","Nights","Boys Don't Cry",110,-1,7,"248648"
192,"spotify:track:36vmaZyO0iAE6FZ7287fg2","Olivia Dean","Dive","PLG - Capitol",103,159,42,"246481"
193,"spotify:track:1PtQJZVZIdWIYdARpZRDFO","Kate Bush","Running Up That Hill (A Deal With God)","Fish People",1,197,227,"245933"
194,"spotify:track:3Gn1zuHNLtGuGEOXwq0k7e","Chris Stapleton","Think I'm In Love With You","Mercury Nashville",102,181,226,"245832"
195,"spotify:track:3dYD57lRAUcMHufyqn9GcI","Hozier","Take Me To Church","Universal-Island Records Ltd.",53,183,730,"245795"
196,"spotify:track:3IznIgmXtrUaoPWpQTy5jB","TV Girl","Not Allowed","TV Girl",38,-1,682,"245583"
197,"spotify:track:4YmsnZcxHEGEqHB3K0vdt0","Ty Dolla $ign, Juicy J, Quavo","DON'T KILL THE PARTY (feat. Quavo & Juicy J)","Atlantic Records",111,146,23,"244913"
198,"spotify:track:3ESSGgWzRf1xvP7G5hHMhB","Fetty Wap","Again","300 Entertainment/RGF Productions",15,173,92,"243413"
199,"spotify:track:7BKLCZ1jbUBVqRi2FVlTVw","The Chainsmokers, Halsey","Closer","Disruptor Records/Columbia",4,170,548,"243201"
200,"spotify:track:2uwnP6tZVVmTovzX5ELooy","J. Cole, Miguel","Power Trip (feat. Miguel)","Roc Nation LLC",126,187,56,"242800"
